Jenny#1#jenny@atu.ie#hello#Clothing#Manager
Valerie#2#Val400@gmail.com#hello12#Food#Manager
David#3#DavidSher@gmail.com#ninja#Clothing#Manager
Hillary#4#hillaryIzzy@atu.ie#hello12#Clothing#Assistant
Ben#5#benTen@yahoo.com#belly#Food#FloorManager
Ella#6#ellaBella@atu.ie#bella#HR#Assistant
Angie#7#angelaF@atu.ie#angie123#HR#Assistant
Audrey#8#audrey@gmail.com#audreydweeb#Security#Manager
